ID,Firstname,Lastname,Username,Password,Class
1,Stephan, Fuhlendorff, step, han,
2,Thomas,Meyer,thomas,thomas,
3,Simon,Birkedal,SBirke,123,
4,Jacob,Enemark,jacob,sutter,
5,Jane,Palmer,jpalmer4,AAHeBG,
6,Jonathan,Bryant,jbryant5,aHVQdh7cj,
7,Jeremy,Phillips,jphillips6,bij68yDnrJ,
8,Helen,Murphy,hmurphy7,xY0p7f5nZ2F,
9,Raymond,Franklin,rfranklin8,e1A3ewa,
10,Matthew,Nguyen,mnguyen9,a4NUBK4gZkoM,
11,David,Graham,dgrahama,xjs0zrc,
12,Jonathan,Carr,jcarrb,dCjTIZuOvFo,
13,Daniel,Barnes,dbarnesc,EDyMrTXw,
14,Douglas,Evans,devansd,4Oc87rCfD,
15,Tina,Jones,tjonese,7QtWS49,
16,Jean,Baker,jbakerf,PY6sxWYw6OMG,
17,Mary,Myers,mmyersg,Sgp1BLPteh0,
18,Andrea,Kelley,akelleyh,gXBxmwKFSSwy,
19,Beverly,Hart,bharti,J0UtiaUX,
20,Kelly,Hawkins,khawkinsj,S1uXeW4Da,
21,Diane,Young,dyoungk,VmgVJ1,
22,Helen,Morales,hmoralesl,Tlex9I55,
23,Juan,Wagner,jwagnerm,yv49sFC,
24,Judy,Richardson,jrichardsonn,1OShoOUY,
25,Marilyn,Bennett,mbennetto,Q97Duwz3U4M,
26,Marilyn,Henderson,mhendersonp,bjEy2x4mJ,
27,Ruby,Phillips,rphillipsq,ofypcReJ59,
28,Barbara,Hunt,bhuntr,41ni3fFV3t,
29,Theresa,Simmons,tsimmonss,xbtg0bXf6,
30,Ann,Reynolds,areynoldst,Bi9ZY9,
31,Lillian,Stone,lstoneu,vqNaLD0r,
32,Roy,Hart,rhartv,sQvgUA,
33,Sharon,Lynch,slynchw,L8IDXwD79C,
34,Ernest,Robertson,erobertsonx,PWrqIK5da,
35,Wanda,Johnson,wjohnsony,y2aHNqwQ8,
36,Scott,Howell,showellz,puasdrpFw4J,
37,Emily,Martin,emartin10,jHZJsod,
38,Alice,Ross,aross11,y8CXSwCyV,
39,Paul,White,pwhite12,vsEIgeW,
40,Eric,Frazier,efrazier13,yvvceedHpcnl,
41,Marilyn,Jones,mjones14,RGPftYhvF,
42,Arthur,Robinson,arobinson15,hXlM4KdHm7y,
43,Steve,Peterson,speterson16,1T78t9UIXJ3,
44,Harold,Stewart,hstewart17,H9h0M6,
45,Doris,Freeman,dfreeman18,k25uJyji6uzc,
46,George,Ramirez,gramirez19,UnezhpT9,
47,Eugene,Carr,ecarr1a,zhhCFRVPGlz,
48,Peter,Long,plong1b,MviA1vw,
49,Kathy,Williamson,kwilliamson1c,8pxjleo,
50,Denise,Riley,driley1d,ux1toSS8uxj,
51,Keith,Wagner,kwagner1e,6AqvW1p,
52,Chris,Chavez,cchavez1f,D1tuXVrZWTT,
53,Roy,Bowman,rbowman1g,5BdxaMr,
54,Justin,Owens,jowens1h,c7Ed7t,
55,Stephanie,Fernandez,sfernandez1i,f3VQoeS40hRF,
56,Gerald,Ford,gford1j,BorCuvH,
57,Donald,Simpson,dsimpson1k,ipWkzK,
58,Lillian,Mcdonald,lmcdonald1l,WV12f155Pw,
59,Brenda,Coleman,bcoleman1m,TlZBAN,
60,Daniel,Bryant,dbryant1n,mpgAgK,
61,Christopher,Rogers,crogers1o,cJ0wusnqZCv,
62,Paula,Mitchell,pmitchell1p,N7jd8N,
63,Kenneth,Snyder,ksnyder1q,hfoWEpi,
64,Mark,Wood,mwood1r,7RRynM2,
65,Teresa,Daniels,tdaniels1s,bAoSJi,
66,Robin,Nichols,rnichols1t,ifhluBCA,
67,Annie,Perkins,aperkins1u,syBCvQ5putu,
68,Lois,Fowler,lfowler1v,NY6rgZDm,
69,Kathleen,Cox,kcox1w,Z2MTMX39Q,
70,Stephen,Ortiz,sortiz1x,ihaWbbHzXb1l,
71,David,Robinson,drobinson1y,tVB5nKbJD,
72,Jeremy,Sanchez,jsanchez1z,urmEAArBO,
73,Ralph,Welch,rwelch20,nCUkKTRDQv,
74,Joyce,Andrews,jandrews21,K9HT64MKmaJb,
75,Patrick,Hunter,phunter22,7ZJRMgrRQh,
76,Frances,Brooks,fbrooks23,IaMjjBf0,
77,Doris,Hunt,dhunt24,YEF8DQ,
78,Samuel,Kim,skim25,dg5UhT,
79,Diana,Bryant,dbryant26,aahfnrX,
80,Ruth,King,rking27,PlvtuEfAEaWZ,
81,Arthur,Cox,acox28,iK08xWt8G,
82,Philip,Ray,pray29,f3VzCll,
83,Lillian,Chavez,lchavez2a,FipZNxbmbo,
84,Timothy,Smith,tsmith2b,A3yU27qzZ,
85,Nicholas,Stevens,nstevens2c,VZL8xSC,
86,Gary,Cunningham,gcunningham2d,snEXiyAHye,
87,Ronald,Clark,rclark2e,kFdxHBVtnd,
88,Christina,Wheeler,cwheeler2f,N30uEG7kx,
89,Earl,Flores,eflores2g,xGI0LnGM7M,
90,Rebecca,Cunningham,rcunningham2h,kS83aO,
91,Andrea,Sanchez,asanchez2i,gadS0qN,
92,Paul,Armstrong,parmstrong2j,8OWJrC0h3P,
93,Aaron,Hernandez,ahernandez2k,EsiPpKEj,
94,Eric,Burton,eburton2l,T3zTKZ,
95,David,Washington,dwashington2m,Okz0BZEy,
96,Walter,Palmer,wpalmer2n,Ju1x7hkex,
97,Kevin,Ramos,kramos2o,3pHRa4Lwm1k,
98,Jessica,Williamson,jwilliamson2p,Vt3tPCbX,
99,Arthur,Willis,awillis2q,gKVrUUUYOJO,
100,Jonathan,Palmer,jpalmer2r,m5enB3O,
101,Jeffrey,Thomas,jthomas2s,lKceL5UB,
102,Eric,Pierce,epierce2t,rA49tXRhuS,
103,Bobby,Reyes,breyes2u,OAB5QoNEke,
104,James,Warren,jwarren2v,dBI3mOS,
105,Jacqueline,Allen,jallen2w,gseSIccn,
106,Aaron,Wood,awood2x,FTvTxtZmnMdz,
107,Emily,Lane,elane2y,772zUjw8XShp,
108,Louis,West,lwest2z,DQq6hOuTJtuS,
109,Dorothy,Ramos,dramos30,213OPU0n6uPa,
110,Alan,Kelly,akelly31,K7czayd79,
111,Martin,Fox,mfox32,qYLGKQjaG5u,
112,Howard,Gardner,hgardner33,aN6f4zHeU,
113,Larry,Hicks,lhicks34,1DF0sKQUpyw,
114,Andrea,Kelly,akelly35,8IuUsiyp,
115,Ralph,Bennett,rbennett36,4L9IXLQvOFB,
116,Lisa,Shaw,lshaw37,mPWOAKw,
117,Roger,Carr,rcarr38,HTURo4,
118,Kelly,Nelson,knelson39,Y9W58Lf,
119,Gregory,Lee,glee3a,Bgz8yqIHOH,
120,Stephanie,Stewart,sstewart3b,Mv9jtO,
121,Janet,Thomas,jthomas3c,c2M07wPfAvw,
122,Janice,Peterson,jpeterson3d,GLv8OjzJj,
123,Robert,Duncan,rduncan3e,wPIemJeuW,
124,Helen,Castillo,hcastillo3f,CqlQyqzTm,
125,Jessica,Webb,jwebb3g,JouHHMiMS,
126,Lawrence,Reid,lreid3h,sqVW2HvxzB,
127,Margaret,Coleman,mcoleman3i,19Ryep3o,
128,Cheryl,Carroll,ccarroll3j,af0yE3NVDve,
129,Frances,Torres,ftorres3k,8qZ7OY,
130,Rose,Armstrong,rarmstrong3l,eKOSzzOfcUK,
131,Lisa,Kennedy,lkennedy3m,zXXtVb,
132,Tina,Dixon,tdixon3n,ZbRui3y,
133,George,Smith,gsmith3o,UC4jwoAM0,
134,Jennifer,Roberts,jroberts3p,n48jeo0Dbnw,
135,Lori,Bishop,lbishop3q,xBuRGcQcZ,
136,Phillip,Crawford,pcrawford3r,zNbPanENCBrr,
137,Debra,Garza,dgarza3s,rJQPWYBGswv,
138,Antonio,Lee,alee3t,DvWe962dQ,
139,Evelyn,George,egeorge3u,AL8W7KAcwyf,
140,Joe,Webb,jwebb3v,4HB8OVoOn,
141,Joshua,Lawson,jlawson3w,VAdeeCi,
142,Anne,Hanson,ahanson3x,EbmrWz,
143,Paul,Snyder,psnyder3y,TmhzpkeZhti,
144,Bruce,Morgan,bmorgan3z,84zc3Kk,
145,Antonio,Howard,ahoward40,Zi6mKNdho,
146,Margaret,Lynch,mlynch41,3yGE5d,
147,Rachel,Andrews,randrews42,0g2fmntFwX,
148,Jane,Richardson,jrichardson43,rKiRyM,
149,Billy,Castillo,bcastillo44,SZEj9NvQ2,
150,Jacqueline,Bailey,jbailey45,6EvWFXvesr,
151,Lisa,Arnold,larnold46,gmP7hByMRgnA,
152,Joe,Long,jlong47,wa2WNN,
153,Jacqueline,Daniels,jdaniels48,d6ZgXKJE,
154,Ralph,Pierce,rpierce49,9kNIRpLt0,
155,Peter,Owens,powens4a,gZS718uiw7b,
156,Lori,Hernandez,lhernandez4b,PDN79E2EfRea,
157,Rose,Meyer,rmeyer4c,WKDBdan1Bb,
158,Martin,Mason,mmason4d,JbpjA2QCcCF1,
159,Timothy,Ellis,tellis4e,Q5nSEN6v9,
160,Julia,Ross,jross4f,6qr25Jjep,
161,Rebecca,Jones,rjones4g,klUnMvXvWf,
162,Doris,Kelly,dkelly4h,vvacwebO,
163,Julie,Freeman,jfreeman4i,mMsWZZmgS4,
164,Johnny,Cox,jcox4j,KDrm0DbHBak,
165,Patrick,Cooper,pcooper4k,9DgCGPw9,
166,Marie,Chavez,mchavez4l,Nn2Jjr1RYcb,
167,Sharon,Wheeler,swheeler4m,d99OtXy2Bi,
168,Jimmy,Olson,jolson4n,WUk4Six,
169,Ronald,Lewis,rlewis4o,MP8Gkdgq,
170,Joseph,Crawford,jcrawford4p,c2p3C7H,
171,Judy,Alvarez,jalvarez4q,X0AbxUXHE1G,
172,Paula,Garza,pgarza4r,Niidde,
173,Chris,Sullivan,csullivan4s,CVPJUVNvHw,
174,Jessica,Dean,jdean4t,Yqm6cow6OtC,
175,Jesse,Medina,jmedina4u,v38zLqYocj,
176,Kathleen,Sanchez,ksanchez4v,YcacgrIko,
177,Roy,Miller,rmiller4w,ReAoK9eu9u,
178,Angela,Kelly,akelly4x,fkOe5JiFC,
179,Timothy,Morgan,tmorgan4y,MTo6L3g,
180,Andrew,Cox,acox4z,0UHbEJ,
181,Martin,Ferguson,mferguson50,FH9ew16,
182,Howard,Hansen,hhansen51,qUkxOzxk7W,
183,Martin,Parker,mparker52,hEyaGkt7d,
184,Patrick,Jones,pjones53,DC0Nqe6F,
185,Norma,Romero,nromero54,eTKRluxymhpn,
186,Thomas,Lynch,tlynch55,Lc6HOiWP,
187,Janet,Andrews,jandrews56,KoCXxYOhLG,
188,Gloria,Ellis,gellis57,nO1jGC,
189,Louise,Flores,lflores58,c9Tzzd37b,
190,Peter,Jones,pjones59,KGRROzw074,
191,Anne,Ortiz,aortiz5a,b6s3E7S4V,
192,Willie,Turner,wturner5b,n2APTJO,
193,Timothy,Robertson,trobertson5c,szmUUCWR7,
194,Jerry,Lewis,jlewis5d,cGJqc2J,
195,Nicholas,Boyd,nboyd5e,Lty1O8mypVo,
196,Scott,Garrett,sgarrett5f,M4MR0rIC3,
197,Carol,Willis,cwillis5g,cACeotbOPK1O,
198,Carl,Wright,cwright5h,v1sN7bDz9tc,
199,Lois,Chavez,lchavez5i,AFG9HZ,
200,Mark,Franklin,mfranklin5j,TWDKeC,
