ID,Firstname,Lastname,Username,Password
1,Peter,Stegger,peter,peter
2,Jeppe,Moritz,jeppe,jeppe
3,Phyllis,Rice,price2,NnJimGUnuG
4,Eric,Howell,ehowell3,N5sHvK
5,Theresa,Hawkins,thawkins4,azK3C9z
6,Robert,Payne,rpayne5,zblZRd3m
7,Eric,Gibson,egibson6,q4UAaLIq
8,Jeffrey,Gordon,jgordon7,tEhivUqB
9,Virginia,Harris,vharris8,YdQnxF
10,Katherine,Butler,kbutler9,GCyBhP
11,Justin,Griffin,jgriffina,CSjYOVvuAn
12,Bonnie,Reyes,breyesb,lj2apCxr
13,Bonnie,Woods,bwoodsc,IzoN3baV7C9k
14,Debra,Hunter,dhunterd,vhJahrmpL
15,Catherine,Jones,cjonese,zW8T4m
16,Daniel,Lawrence,dlawrencef,sV3Avd8S7UzS
17,Sara,Riley,srileyg,e0Marp
18,Melissa,Davis,mdavish,9elC55b
19,Jennifer,Mcdonald,jmcdonaldi,2cxZjJfF
20,Douglas,Simmons,dsimmonsj,s1OovrP
21,Joyce,Stanley,jstanleyk,QlVh0BzlU
22,Kathryn,White,kwhitel,EgUaFye9b
23,Paul,Mills,pmillsm,zuCn4ptz
24,Daniel,Davis,ddavisn,oGqNR7q
25,Benjamin,Butler,bbutlero,cJdDoYkdWat
26,Theresa,Mason,tmasonp,LJtr3Ajm
27,Kenneth,Fisher,kfisherq,if3t6bd1PDN
28,Mary,Adams,madamsr,qgdnuGsX
29,Amanda,Burke,aburkes,jBr4nZ8o
30,Cheryl,Lee,cleet,JjpdWbjj
31,Theresa,Reid,treidu,zXmpJlei
32,Tina,Hill,thillv,Rgc9ch
33,Deborah,Foster,dfosterw,o8zZ1CtoCB
34,Catherine,Medina,cmedinax,iMDo0wet
35,Jessica,Jenkins,jjenkinsy,MNdBn9MQ2
36,Anna,Chapman,achapmanz,o1fUUIK
37,Randy,Smith,rsmith10,JnkhiEwrq
38,Eric,Brown,ebrown11,q2n01WzRu
39,Larry,Woods,lwoods12,MwqJlMrO1Fw
40,Ralph,Lee,rlee13,Cw6kLsxZ2
41,Jesse,Kim,jkim14,M4dhr6
42,Dorothy,Burke,dburke15,vsqoJWuYNH
43,Brenda,Tucker,btucker16,UBhdb8lP
44,Lisa,Warren,lwarren17,dE70PjcB8o
45,Jason,Mills,jmills18,CEfi51
46,Frank,Morrison,fmorrison19,lJ6Ui0LIf
47,Jimmy,Flores,jflores1a,bN0FhC1cX15J
48,Patricia,Grant,pgrant1b,mtBIliS7
49,Christopher,Roberts,croberts1c,ybdkMr627Wb
50,Amy,Harper,aharper1d,7tn8H7
51,Rose,Jones,rjones1e,d3xLzD
52,Roy,Rogers,rrogers1f,VXtadUnFsFAQ
53,Antonio,Martinez,amartinez1g,SScCkNLH82i
54,Nicholas,Kennedy,nkennedy1h,wpJZktZqYw
55,Wanda,Harris,wharris1i,UmhTUZAh
56,Willie,Little,wlittle1j,W5LG1MCzzQn
57,Bobby,Fox,bfox1k,TBl3N0
58,Andrew,Hansen,ahansen1l,U2kBNk
59,Gregory,Nelson,gnelson1m,AkaVakZrh5
60,Lawrence,Stephens,lstephens1n,JGkY13v2
61,Tina,Garrett,tgarrett1o,UbVu5mgzGv
62,Stephen,Crawford,scrawford1p,ck3KjE4KoH
63,Keith,Alexander,kalexander1q,jLc9OF
64,Joshua,Larson,jlarson1r,IAIuX5l
65,Jacqueline,Lopez,jlopez1s,gzDW5ZxYTi2
66,Gloria,Alexander,galexander1t,J83qFUkH5KR
67,Donald,George,dgeorge1u,6Dhmzzbf8too
68,Scott,Ortiz,sortiz1v,jldGmgeX8D8
69,Denise,Harper,dharper1w,ZWQy2vFvmjH
70,Chris,Graham,cgraham1x,gL5JaWmGj
71,Tammy,Carpenter,tcarpenter1y,OnvkYBVX9e
72,Joe,Hunter,jhunter1z,nEq9w1UcpU
73,Emily,Cooper,ecooper20,smgW1rckER
74,Mark,Morrison,mmorrison21,OV81aMdz
75,Judy,Price,jprice22,wi8olVUi
76,Carol,Cox,ccox23,UEChlWpFizC
77,Annie,Simmons,asimmons24,5cDP7Xc
78,Lawrence,Franklin,lfranklin25,CUq885cWxQ
79,Richard,Howard,rhoward26,ZI9ssY5
80,Stephanie,Olson,solson27,5pFvm1Dotmw
81,Bruce,Campbell,bcampbell28,3W7PFfPgvCFb
82,Clarence,Stephens,cstephens29,LQxqQlvcA59
83,Jimmy,Green,jgreen2a,y2RCz5xmVopb
84,Shawn,Rose,srose2b,oXtsvZ5RhFK
85,Brandon,Ellis,bellis2c,Djme93Gp1dGR
86,Karen,Rose,krose2d,BNs8X1swm
87,Eugene,Murray,emurray2e,efRAJK4EJ
88,Martin,Bennett,mbennett2f,uaqPrga0
89,Carlos,Stone,cstone2g,J49fZqfyJdvB
90,Charles,Ferguson,cferguson2h,duDkNk9gX
91,Nancy,Owens,nowens2i,O37N4aKP2EF
92,Douglas,Sims,dsims2j,tBXC7zWu
93,Frank,Griffin,fgriffin2k,pkBTjsF8
94,Phillip,Ruiz,pruiz2l,QSsOd7wu71
95,Lillian,Daniels,ldaniels2m,llpwM5PaQrms
96,Kathleen,Sanchez,ksanchez2n,Rn6pRwhp
97,Jack,Ruiz,jruiz2o,DioyGovD3da
98,Philip,Fuller,pfuller2p,XaSS8iTIC
99,Andrew,Allen,aallen2q,6455IaAyPbZA
100,Thomas,Perry,tperry2r,6CFDpz
101,Kimberly,Gardner,kgardner2s,7xM1cH
102,Wanda,Spencer,wspencer2t,CgHZqIdAVZK
103,Louise,Rivera,lrivera2u,VpfYTFrSlk
104,Helen,Cunningham,hcunningham2v,pVCyEltRs8W
105,Craig,Nguyen,cnguyen2w,fbuVz2
106,Juan,Meyer,jmeyer2x,HjaMVEvNhTf
107,Paul,Bryant,pbryant2y,Pop5pyCh
108,Dorothy,Carter,dcarter2z,K5iJCM0eyD
109,Roger,Reynolds,rreynolds30,YGrXBXsw2OUq
110,Donna,Owens,dowens31,haANLjUg
111,Louise,Green,lgreen32,4tvLZmRHNkbU
112,Louis,Green,lgreen33,T9MdgzN
113,Scott,Fowler,sfowler34,2ekqepuX4d
114,Julie,Larson,jlarson35,DSzUWw2gLy
115,Frank,Hunter,fhunter36,dYroEOcB
116,Kenneth,Stevens,kstevens37,eLrCgfPU
117,Brian,Carter,bcarter38,7625f6Bh
118,Kathleen,Fernandez,kfernandez39,VtGwco
119,Harry,Bryant,hbryant3a,QsNFXi0i
120,Jane,Wood,jwood3b,Be6u4OaPTW
121,Christine,Young,cyoung3c,QL3j4cF0z
122,Heather,Tucker,htucker3d,CSj0ld0tuc
123,Paula,Simmons,psimmons3e,q2AGa62Sr99R
124,Bruce,Lawson,blawson3f,ucClZU2vAl
125,Gloria,Cox,gcox3g,UGzqHXivtG9y
126,Lisa,Gilbert,lgilbert3h,ETY6UZj4FK
127,Ashley,Kennedy,akennedy3i,OGpGMVz
128,Amy,Brown,abrown3j,UWnlArc
129,Jean,Wilson,jwilson3k,BHKbfEpq
130,Teresa,Wood,twood3l,K9y60fZlyj
131,Alice,Harvey,aharvey3m,9TBxGyuexxNP
132,Clarence,Daniels,cdaniels3n,VpR9zUgsL
133,George,Diaz,gdiaz3o,WNpVqPKB4c2o
134,Howard,Torres,htorres3p,QJAy37G
135,Sara,Long,slong3q,VYm0AxV0EP3C
136,Gary,Montgomery,gmontgomery3r,vzQXafJVDLA
137,Joan,Andrews,jandrews3s,uJNJ0MlfhcCf
138,Ashley,Mcdonald,amcdonald3t,nSLMVs16Zp
139,Joshua,Riley,jriley3u,tBJ0zUQRxuwq
140,Roger,Morrison,rmorrison3v,DouoiOVqyVL
141,Cheryl,Nguyen,cnguyen3w,cxQcSbJ0M
142,Dennis,Larson,dlarson3x,NkOitXgzlzs5
143,Eric,Moreno,emoreno3y,hYQuKVpj5
144,William,Hudson,whudson3z,xk7nSZbfAhS
145,Angela,Griffin,agriffin40,Fno4D3bt51
146,Kelly,Stanley,kstanley41,nOOkvBgOH
147,Judith,Berry,jberry42,JSOoI5QSS
148,Robin,Lawrence,rlawrence43,Cs26MgZzK
149,Joyce,Rose,jrose44,0cvcqO
150,Rachel,Day,rday45,naqtVW
151,Debra,Knight,dknight46,8fDWn48
152,Wayne,Fox,wfox47,sC8wdkw7Mhm
153,Roy,Sanders,rsanders48,FRTKHZsaU
154,Michelle,Smith,msmith49,UrfonT1FFQE
155,Terry,Nguyen,tnguyen4a,FYbzA8
156,Lisa,Lane,llane4b,CcxPCXc6CB
157,Anne,Meyer,ameyer4c,nWjTtKdY9
158,Barbara,Perry,bperry4d,SJ30fNVH
159,Judith,Wood,jwood4e,3x4e9Y93QkJ
160,Marie,Fox,mfox4f,YvTytQJ
161,Kelly,Jenkins,kjenkins4g,r1aU36xgA
162,Eric,Young,eyoung4h,WTMat6r1475
163,Kimberly,Frazier,kfrazier4i,5IDLMQ
164,Martha,Turner,mturner4j,bPoGaldf
165,Barbara,Dunn,bdunn4k,RHocd3q6
166,Johnny,Rogers,jrogers4l,ViR04VKCXm3
167,Betty,Carter,bcarter4m,iA7Z0pH7UM
168,Kimberly,Austin,kaustin4n,WGDlA9dDZF
169,Peter,Rodriguez,prodriguez4o,CDiwkv
170,Bobby,Garcia,bgarcia4p,TCi6AX
171,Scott,Gutierrez,sgutierrez4q,EWiIN8Oc8I
172,Nicholas,Powell,npowell4r,y0OMhu
173,Norma,Sanchez,nsanchez4s,Jav2Do3Mu
174,Diana,Mitchell,dmitchell4t,awvAxA9SEZ
175,Nicole,Cruz,ncruz4u,WcN6ql1Kq8
176,Billy,Gomez,bgomez4v,n3M9Yn5d
177,Joe,Patterson,jpatterson4w,41ouKEO
178,Alice,Barnes,abarnes4x,yzE6h3m
179,Lillian,West,lwest4y,uASPhh
180,Clarence,Allen,callen4z,BFR18E
181,Teresa,Bennett,tbennett50,HWcBtA
182,Roger,Johnston,rjohnston51,hZ1qVpnN
183,Jason,Jenkins,jjenkins52,9gIsvs
184,John,Watkins,jwatkins53,X9ak8wQjZ
185,Catherine,Olson,colson54,tsnoCITFCMs
186,Brandon,Kelley,bkelley55,firuyLly5tVZ
187,Julie,Payne,jpayne56,gXuW08nC
188,Louis,Andrews,landrews57,ltPqdcZ5
189,Matthew,Olson,molson58,64xiZ6lx
190,Samuel,Hawkins,shawkins59,DLdw2fY
191,Joyce,Garza,jgarza5a,eZJbJWJvdiJ
192,Walter,Johnson,wjohnson5b,ZiHCzEF
193,Angela,Rose,arose5c,pLUhwbstSm
194,Nicholas,Murphy,nmurphy5d,t2XIAUxgu
195,Stephanie,Ferguson,sferguson5e,wUmux5wjSZsG
196,Teresa,Harrison,tharrison5f,mKTqGK
197,Richard,Bishop,rbishop5g,cDwTdvoR
198,Tammy,White,twhite5h,Zwknhqz
199,Joshua,Peters,jpeters5i,WWK1ctwERa4
200,Ralph,Kim,rkim5j,TUGebZ
